<?xml version="1.0" encoding="UTF-8"?>
<project-private xmlns="http://www.netbeans.org/ns/project-private/1">
    <editor-bookmarks xmlns="http://www.netbeans.org/ns/editor-bookmarks/2" lastBookmarkId="0"/>
    <open-files xmlns="http://www.netbeans.org/ns/projectui-open-files/2">
        <group>
            <file>file:/home/will/NetBeansProjects/testeConverter/web/WEB-INF/web.xml</file>
            <file>file:/home/will/NetBeansProjects/testeConverter/src/java/teste/CarroConverter.java</file>
            <file>file:/home/will/NetBeansProjects/testeConverter/src/java/teste/Carro.java</file>
            <file>file:/home/will/NetBeansProjects/testeConverter/src/java/teste/Controller.java</file>
            <file>file:/home/will/NetBeansProjects/testeConverter/src/java/teste/Servlet.java</file>
            <file>file:/home/will/NetBeansProjects/testeConverter/web/index.xhtml</file>
        </group>
    </open-files>
</project-private>
